fig|487.1039.rna.1	fig|487.1818.rna.17	fig|487.721.rna.22	fig|487.2661.rna.42	fig|487.2785.rna.52	fig|487.3149.rna.27	fig|487.2542.rna.34	fig|487.1974.rna.18	fig|487.4203.rna.27	fig|487.2706.rna.54	fig|487.2512.rna.52	fig|487.2631.rna.62	fig|487.2436.rna.27	fig|487.1604.rna.51	fig|487.2518.rna.23	fig|487.911.rna.12	fig|487.3771.rna.23	fig|487.978.rna.12	fig|487.3849.rna.20	fig|487.659.rna.7	fig|487.1106.rna.26	fig|487.4187.rna.14	fig|487.1851.rna.25	fig|487.779.rna.1	fig|487.1648.rna.51	fig|487.2688.rna.37	fig|487.673.rna.34	fig|487.2383.rna.14	fig|487.747.rna.6	fig|487.2552.rna.9	fig|487.1545.rna.11	fig|487.2779.rna.7	fig|487.1007.rna.1	fig|487.1129.rna.38	fig|487.3696.rna.4	fig|487.1887.rna.45	fig|487.4171.rna.47	fig|487.2069.rna.13	fig|487.1528.rna.9	fig|487.1311.rna.44	fig|487.3938.rna.34	fig|487.1567.rna.58	fig|487.2103.rna.8	fig|487.1649.rna.46
fig|487.1039.rna.2	fig|487.1818.rna.18	fig|487.721.rna.23	fig|487.2785.rna.51	fig|487.3149.rna.26	fig|487.4203.rna.28	fig|487.2512.rna.51	fig|487.3771.rna.24	fig|487.978.rna.13	fig|487.3849.rna.19	fig|487.1106.rna.25	fig|487.4187.rna.13	fig|487.1851.rna.24	fig|487.673.rna.35	fig|487.747.rna.5	fig|487.2552.rna.8	fig|487.1545.rna.12	fig|487.2779.rna.6	fig|487.1007.rna.2	fig|487.1129.rna.39	fig|487.1887.rna.46	fig|487.1311.rna.45	fig|487.3938.rna.33	fig|487.1649.rna.47
fig|487.1039.rna.3	fig|487.1818.rna.19	fig|487.721.rna.24	fig|487.2661.rna.44	fig|487.2785.rna.50	fig|487.3149.rna.25	fig|487.2542.rna.32	fig|487.1974.rna.20	fig|487.4203.rna.29	fig|487.2706.rna.52	fig|487.2512.rna.50	fig|487.2631.rna.60	fig|487.2436.rna.29	fig|487.1604.rna.53	fig|487.2518.rna.21	fig|487.911.rna.10	fig|487.3771.rna.25	fig|487.978.rna.14	fig|487.3849.rna.18	fig|487.659.rna.5	fig|487.1106.rna.24	fig|487.4187.rna.12	fig|487.1851.rna.23	fig|487.779.rna.3	fig|487.1648.rna.49	fig|487.2688.rna.39	fig|487.673.rna.36	fig|487.2383.rna.12	fig|487.747.rna.4	fig|487.2552.rna.7	fig|487.1545.rna.13	fig|487.2779.rna.5	fig|487.1007.rna.3	fig|487.1129.rna.40	fig|487.3696.rna.2	fig|487.1887.rna.47	fig|487.4171.rna.49	fig|487.2069.rna.11	fig|487.1528.rna.11	fig|487.1311.rna.46	fig|487.3938.rna.32	fig|487.1567.rna.56	fig|487.2103.rna.6	fig|487.1649.rna.48
fig|487.1039.rna.4	fig|487.1818.rna.5	fig|487.721.rna.10	fig|487.2661.rna.45	fig|487.2785.rna.49	fig|487.3149.rna.42	fig|487.2542.rna.37	fig|487.1974.rna.3	fig|487.4203.rna.30	fig|487.2706.rna.18	fig|487.2512.rna.44	fig|487.2631.rna.10	fig|487.2436.rna.1	fig|487.1604.rna.6	fig|487.2518.rna.17	fig|487.911.rna.56	fig|487.3771.rna.42	fig|487.978.rna.15	fig|487.3849.rna.11	fig|487.1106.rna.23	fig|487.4187.rna.11	fig|487.1851.rna.22	fig|487.779.rna.55	fig|487.1648.rna.7	fig|487.2688.rna.36	fig|487.673.rna.30	fig|487.2383.rna.11	fig|487.747.rna.53	fig|487.2552.rna.53	fig|487.1545.rna.14	fig|487.2779.rna.20	fig|487.1007.rna.4	fig|487.1129.rna.41	fig|487.3696.rna.1	fig|487.1887.rna.15	fig|487.4171.rna.35	fig|487.1528.rna.12	fig|487.1311.rna.9	fig|487.3938.rna.49	fig|487.1567.rna.43	fig|487.2103.rna.46	fig|487.1649.rna.14
fig|487.1039.rna.5	fig|487.1818.rna.23	fig|487.721.rna.2	fig|487.2661.rna.20	fig|487.2785.rna.8	fig|487.3149.rna.43	fig|487.2542.rna.53	fig|487.1974.rna.39	fig|487.4203.rna.19	fig|487.2706.rna.1	fig|487.2512.rna.6	fig|487.2631.rna.15	fig|487.2436.rna.2	fig|487.1604.rna.8	fig|487.2518.rna.10	fig|487.911.rna.29	fig|487.3771.rna.28	fig|487.978.rna.1	fig|487.3849.rna.34	fig|487.659.rna.17	fig|487.1106.rna.38	fig|487.4187.rna.1	fig|487.1851.rna.31	fig|487.779.rna.4	fig|487.1648.rna.15	fig|487.2688.rna.32	fig|487.673.rna.27	fig|487.2383.rna.24	fig|487.747.rna.3	fig|487.2552.rna.29	fig|487.1545.rna.25	fig|487.2779.rna.23	fig|487.1007.rna.5	fig|487.1129.rna.26	fig|487.3696.rna.30	fig|487.1887.rna.34	fig|487.4171.rna.23	fig|487.2069.rna.48	fig|487.1528.rna.5	fig|487.1311.rna.34	fig|487.3938.rna.15	fig|487.1567.rna.40	fig|487.2103.rna.37	fig|487.1649.rna.35
fig|487.1039.rna.6	fig|487.1039.rna.32	fig|487.1818.rna.20	fig|487.721.rna.3	fig|487.721.rna.44	fig|487.2661.rna.21	fig|487.2661.rna.55	fig|487.2785.rna.7	fig|487.2785.rna.40	fig|487.3149.rna.44	fig|487.3149.rna.30	fig|487.2542.rna.36	fig|487.2542.rna.54	fig|487.1974.rna.43	fig|487.4203.rna.20	fig|487.4203.rna.50	fig|487.2706.rna.2	fig|487.2706.rna.55	fig|487.2512.rna.13	fig|487.2512.rna.17	fig|487.2631.rna.16	fig|487.2631.rna.31	fig|487.2436.rna.3	fig|487.2436.rna.40	fig|487.1604.rna.27	fig|487.2518.rna.58	fig|487.2518.rna.15	fig|487.911.rna.28	fig|487.911.rna.45	fig|487.3771.rna.7	fig|487.3771.rna.30	fig|487.978.rna.2	fig|487.978.rna.55	fig|487.3849.rna.35	fig|487.3849.rna.9	fig|487.659.rna.18	fig|487.659.rna.36	fig|487.1106.rna.22	fig|487.1106.rna.37	fig|487.4187.rna.2	fig|487.4187.rna.48	fig|487.1851.rna.2	fig|487.779.rna.5	fig|487.779.rna.37	fig|487.1648.rna.23	fig|487.2688.rna.31	fig|487.2688.rna.9	fig|487.673.rna.26	fig|487.673.rna.49	fig|487.2383.rna.25	fig|487.2383.rna.27	fig|487.747.rna.2	fig|487.747.rna.52	fig|487.2552.rna.31	fig|487.2552.rna.47	fig|487.1545.rna.26	fig|487.1545.rna.20	fig|487.2779.rna.22	fig|487.2779.rna.29	fig|487.1007.rna.6	fig|487.1007.rna.56	fig|487.1129.rna.27	fig|487.1129.rna.42	fig|487.3696.rna.25	fig|487.1887.rna.11	fig|487.4171.rna.24	fig|487.4171.rna.12	fig|487.2069.rna.6	fig|487.1528.rna.4	fig|487.1528.rna.6	fig|487.1311.rna.33	fig|487.1311.rna.35	fig|487.3938.rna.16	fig|487.3938.rna.36	fig|487.1567.rna.26	fig|487.2103.rna.30	fig|487.1649.rna.44
fig|487.1039.rna.7	fig|487.1039.rna.31	fig|487.1818.rna.21	fig|487.721.rna.4	fig|487.721.rna.45	fig|487.2661.rna.22	fig|487.2785.rna.6	fig|487.2785.rna.41	fig|487.3149.rna.45	fig|487.3149.rna.29	fig|487.2542.rna.35	fig|487.2542.rna.55	fig|487.1974.rna.44	fig|487.4203.rna.21	fig|487.4203.rna.51	fig|487.2706.rna.3	fig|487.2706.rna.56	fig|487.2512.rna.12	fig|487.2512.rna.18	fig|487.2631.rna.17	fig|487.2631.rna.32	fig|487.2436.rna.4	fig|487.2436.rna.41	fig|487.1604.rna.26	fig|487.2518.rna.57	fig|487.2518.rna.16	fig|487.911.rna.27	fig|487.911.rna.46	fig|487.3771.rna.8	fig|487.3771.rna.31	fig|487.978.rna.3	fig|487.978.rna.56	fig|487.3849.rna.36	fig|487.3849.rna.8	fig|487.659.rna.19	fig|487.659.rna.37	fig|487.1106.rna.21	fig|487.1106.rna.36	fig|487.4187.rna.3	fig|487.4187.rna.47	fig|487.1851.rna.3	fig|487.779.rna.6	fig|487.779.rna.36	fig|487.1648.rna.22	fig|487.2688.rna.30	fig|487.2688.rna.10	fig|487.673.rna.25	fig|487.673.rna.48	fig|487.2383.rna.26	fig|487.2383.rna.28	fig|487.747.rna.1	fig|487.747.rna.51	fig|487.2552.rna.32	fig|487.2552.rna.48	fig|487.1545.rna.27	fig|487.1545.rna.21	fig|487.2779.rna.21	fig|487.2779.rna.28	fig|487.1007.rna.7	fig|487.1007.rna.57	fig|487.1129.rna.28	fig|487.1129.rna.43	fig|487.3696.rna.24	fig|487.1887.rna.12	fig|487.4171.rna.25	fig|487.4171.rna.13	fig|487.2069.rna.7	fig|487.1528.rna.3	fig|487.1528.rna.7	fig|487.1311.rna.36	fig|487.3938.rna.17	fig|487.3938.rna.35	fig|487.1567.rna.27	fig|487.2103.rna.29	fig|487.1649.rna.45
fig|487.1039.rna.8	fig|487.721.rna.29	fig|487.3149.rna.15	fig|487.2542.rna.49	fig|487.1974.rna.15	fig|487.4203.rna.24	fig|487.2706.rna.12	fig|487.2512.rna.2	fig|487.2436.rna.24	fig|487.1604.rna.48	fig|487.2518.rna.12	fig|487.911.rna.14	fig|487.3771.rna.51	fig|487.978.rna.34	fig|487.3849.rna.6	fig|487.659.rna.16	fig|487.1106.rna.2	fig|487.4187.rna.15	fig|487.1851.rna.13	fig|487.779.rna.34	fig|487.673.rna.40	fig|487.2383.rna.41	fig|487.747.rna.40	fig|487.2552.rna.10	fig|487.1545.rna.56	fig|487.2779.rna.3	fig|487.1007.rna.45	fig|487.1129.rna.62	fig|487.3696.rna.12	fig|487.1887.rna.5	fig|487.4171.rna.51	fig|487.2069.rna.53	fig|487.1311.rna.11	fig|487.3938.rna.6	fig|487.3938.rna.67	fig|487.1567.rna.11	fig|487.1649.rna.4
fig|487.1039.rna.9	fig|487.3149.rna.14	fig|487.4203.rna.23	fig|487.1604.rna.49	fig|487.978.rna.35	fig|487.4187.rna.16	fig|487.747.rna.39	fig|487.2552.rna.11	fig|487.1007.rna.44	fig|487.4171.rna.50	fig|487.1311.rna.10	fig|487.3938.rna.5
fig|487.1039.rna.10	fig|487.1818.rna.51	fig|487.721.rna.36	fig|487.2661.rna.32	fig|487.2785.rna.20	fig|487.2542.rna.40	fig|487.1974.rna.34	fig|487.4203.rna.2	fig|487.2706.rna.17	fig|487.2512.rna.60	fig|487.2631.rna.11	fig|487.2436.rna.42	fig|487.1604.rna.44	fig|487.2518.rna.4	fig|487.911.rna.44	fig|487.3771.rna.41	fig|487.978.rna.21	fig|487.3849.rna.39	fig|487.659.rna.21	fig|487.1106.rna.19	fig|487.1851.rna.33	fig|487.779.rna.25	fig|487.1648.rna.40	fig|487.2688.rna.7	fig|487.673.rna.45	fig|487.2383.rna.22	fig|487.1545.rna.46	fig|487.2779.rna.8	fig|487.1007.rna.19	fig|487.1129.rna.45	fig|487.3696.rna.19	fig|487.1887.rna.57	fig|487.4171.rna.3	fig|487.2069.rna.8	fig|487.1528.rna.55	fig|487.1567.rna.47	fig|487.2103.rna.25	fig|487.1649.rna.17
fig|487.1039.rna.11	fig|487.1818.rna.52	fig|487.721.rna.52	fig|487.2661.rna.33	fig|487.2785.rna.19	fig|487.3149.rna.10	fig|487.2542.rna.9	fig|487.1974.rna.35	fig|487.4203.rna.3	fig|487.2706.rna.27	fig|487.2512.rna.53	fig|487.2631.rna.25	fig|487.2436.rna.45	fig|487.1604.rna.43	fig|487.2518.rna.36	fig|487.911.rna.43	fig|487.3771.rna.33	fig|487.978.rna.22	fig|487.3849.rna.31	fig|487.659.rna.34	fig|487.1106.rna.18	fig|487.4187.rna.20	fig|487.1851.rna.34	fig|487.779.rna.26	fig|487.1648.rna.41	fig|487.2688.rna.6	fig|487.673.rna.50	fig|487.2383.rna.21	fig|487.747.rna.12	fig|487.2552.rna.17	fig|487.1545.rna.47	fig|487.2779.rna.9	fig|487.1007.rna.20	fig|487.1129.rna.46	fig|487.3696.rna.18	fig|487.1887.rna.55	fig|487.4171.rna.4	fig|487.2069.rna.36	fig|487.1528.rna.54	fig|487.1311.rna.49	fig|487.1311.rna.52	fig|487.3938.rna.28	fig|487.1567.rna.48	fig|487.2103.rna.13	fig|487.1649.rna.42
fig|487.1039.rna.12	fig|487.1818.rna.53	fig|487.721.rna.51	fig|487.2661.rna.34	fig|487.2785.rna.18	fig|487.3149.rna.11	fig|487.2542.rna.8	fig|487.1974.rna.36	fig|487.4203.rna.4	fig|487.2706.rna.28	fig|487.2512.rna.54	fig|487.2631.rna.26	fig|487.2436.rna.46	fig|487.1604.rna.42	fig|487.2518.rna.35	fig|487.911.rna.42	fig|487.3771.rna.34	fig|487.978.rna.23	fig|487.3849.rna.32	fig|487.659.rna.33	fig|487.1106.rna.17	fig|487.4187.rna.21	fig|487.1851.rna.35	fig|487.779.rna.27	fig|487.1648.rna.42	fig|487.2688.rna.5	fig|487.673.rna.51	fig|487.2383.rna.20	fig|487.747.rna.13	fig|487.2552.rna.18	fig|487.1545.rna.48	fig|487.2779.rna.10	fig|487.1007.rna.21	fig|487.1129.rna.47	fig|487.3696.rna.17	fig|487.1887.rna.54	fig|487.4171.rna.5	fig|487.2069.rna.35	fig|487.1528.rna.53	fig|487.1311.rna.50	fig|487.1311.rna.53	fig|487.3938.rna.27	fig|487.1567.rna.49	fig|487.2103.rna.14	fig|487.1649.rna.41
fig|487.1039.rna.13	fig|487.1039.rna.16	fig|487.1818.rna.54	fig|487.1818.rna.55	fig|487.1818.rna.56	fig|487.1818.rna.57	fig|487.1818.rna.58	fig|487.721.rna.47	fig|487.721.rna.48	fig|487.721.rna.50	fig|487.2661.rna.35	fig|487.2661.rna.37	fig|487.2661.rna.38	fig|487.2785.rna.11	fig|487.2785.rna.12	fig|487.2785.rna.13	fig|487.2785.rna.14	fig|487.2785.rna.15	fig|487.2785.rna.16	fig|487.2785.rna.17	fig|487.3149.rna.12	fig|487.2542.rna.4	fig|487.2542.rna.5	fig|487.2542.rna.7	fig|487.1974.rna.38	fig|487.4203.rna.5	fig|487.4203.rna.8	fig|487.2706.rna.29	fig|487.2706.rna.32	fig|487.2512.rna.55	fig|487.2512.rna.57	fig|487.2512.rna.58	fig|487.2631.rna.27	fig|487.2631.rna.29	fig|487.2631.rna.30	fig|487.2436.rna.47	fig|487.2436.rna.49	fig|487.2436.rna.50	fig|487.2518.rna.32	fig|487.2518.rna.34	fig|487.911.rna.38	fig|487.911.rna.39	fig|487.911.rna.40	fig|487.911.rna.41	fig|487.3771.rna.35	fig|487.978.rna.24	fig|487.978.rna.27	fig|487.3849.rna.33	fig|487.659.rna.30	fig|487.659.rna.32	fig|487.1106.rna.13	fig|487.1106.rna.14	fig|487.1106.rna.16	fig|487.4187.rna.22	fig|487.4187.rna.25	fig|487.1851.rna.36	fig|487.779.rna.28	fig|487.779.rna.29	fig|487.779.rna.30	fig|487.779.rna.31	fig|487.1648.rna.44	fig|487.2688.rna.2	fig|487.2688.rna.3	fig|487.2688.rna.4	fig|487.673.rna.52	fig|487.673.rna.54	fig|487.2383.rna.16	fig|487.2383.rna.19	fig|487.747.rna.14	fig|487.747.rna.16	fig|487.747.rna.17	fig|487.2552.rna.19	fig|487.2552.rna.20	fig|487.2552.rna.21	fig|487.1545.rna.49	fig|487.1545.rna.51	fig|487.1545.rna.52	fig|487.2779.rna.11	fig|487.2779.rna.13	fig|487.2779.rna.14	fig|487.1007.rna.22	fig|487.1007.rna.25	fig|487.1129.rna.48	fig|487.1129.rna.50	fig|487.1129.rna.51	fig|487.3696.rna.13	fig|487.3696.rna.14	fig|487.3696.rna.15	fig|487.3696.rna.16	fig|487.1887.rna.49	fig|487.1887.rna.51	fig|487.1887.rna.53	fig|487.4171.rna.6	fig|487.4171.rna.8	fig|487.4171.rna.9	fig|487.2069.rna.33	fig|487.1528.rna.49	fig|487.1528.rna.50	fig|487.1528.rna.52	fig|487.1311.rna.51	fig|487.1311.rna.54	fig|487.3938.rna.23	fig|487.3938.rna.24	fig|487.3938.rna.26	fig|487.1567.rna.50	fig|487.1567.rna.53	fig|487.2103.rna.16	fig|487.1649.rna.39
fig|487.1039.rna.14	fig|487.1039.rna.15	fig|487.721.rna.49	fig|487.2661.rna.36	fig|487.2542.rna.6	fig|487.1974.rna.37	fig|487.4203.rna.6	fig|487.4203.rna.7	fig|487.2706.rna.30	fig|487.2512.rna.56	fig|487.2631.rna.28	fig|487.2436.rna.48	fig|487.2518.rna.33	fig|487.978.rna.25	fig|487.978.rna.26	fig|487.659.rna.31	fig|487.4187.rna.23	fig|487.4187.rna.24	fig|487.1851.rna.37	fig|487.1648.rna.43	fig|487.673.rna.53	fig|487.2383.rna.17	fig|487.2383.rna.18	fig|487.747.rna.15	fig|487.2552.rna.22	fig|487.1545.rna.50	fig|487.2779.rna.12	fig|487.1007.rna.23	fig|487.1007.rna.24	fig|487.1129.rna.49	fig|487.1887.rna.50	fig|487.1887.rna.52	fig|487.4171.rna.7	fig|487.2069.rna.34	fig|487.1528.rna.51	fig|487.3938.rna.25	fig|487.1567.rna.51	fig|487.1567.rna.52	fig|487.2103.rna.15	fig|487.1649.rna.40
fig|487.1039.rna.17	fig|487.1818.rna.6	fig|487.721.rna.53	fig|487.2661.rna.39	fig|487.2785.rna.58	fig|487.3149.rna.1	fig|487.2542.rna.2	fig|487.1974.rna.13	fig|487.4203.rna.9	fig|487.2706.rna.42	fig|487.2512.rna.16	fig|487.2631.rna.57	fig|487.2436.rna.56	fig|487.1604.rna.33	fig|487.2518.rna.59	fig|487.911.rna.47	fig|487.3771.rna.50	fig|487.978.rna.28	fig|487.3849.rna.52	fig|487.659.rna.23	fig|487.1106.rna.12	fig|487.4187.rna.26	fig|487.1851.rna.45	fig|487.779.rna.46	fig|487.1648.rna.48	fig|487.2688.rna.18	fig|487.673.rna.58	fig|487.2383.rna.15	fig|487.747.rna.18	fig|487.2552.rna.49	fig|487.1545.rna.53	fig|487.2779.rna.54	fig|487.1007.rna.26	fig|487.1129.rna.52	fig|487.3696.rna.46	fig|487.1887.rna.1	fig|487.4171.rna.2	fig|487.2069.rna.22	fig|487.1528.rna.48	fig|487.1311.rna.16	fig|487.3938.rna.47	fig|487.1567.rna.16	fig|487.2103.rna.18	fig|487.1649.rna.1
fig|487.1039.rna.18	fig|487.1818.rna.24	fig|487.721.rna.17	fig|487.2661.rna.14	fig|487.2785.rna.21	fig|487.3149.rna.34	fig|487.2542.rna.43	fig|487.1974.rna.21	fig|487.4203.rna.14	fig|487.2706.rna.33	fig|487.2512.rna.27	fig|487.2631.rna.37	fig|487.2436.rna.19	fig|487.1604.rna.25	fig|487.2518.rna.25	fig|487.911.rna.19	fig|487.3771.rna.3	fig|487.978.rna.16	fig|487.3849.rna.10	fig|487.659.rna.12	fig|487.1106.rna.48	fig|487.4187.rna.8	fig|487.1851.rna.16	fig|487.779.rna.18	fig|487.1648.rna.17	fig|487.2688.rna.25	fig|487.673.rna.23	fig|487.2383.rna.6	fig|487.747.rna.11	fig|487.2552.rna.16	fig|487.1545.rna.36	fig|487.2779.rna.48	fig|487.1007.rna.32	fig|487.1129.rna.16	fig|487.3696.rna.22	fig|487.1887.rna.23	fig|487.4171.rna.30	fig|487.2069.rna.9	fig|487.1528.rna.23	fig|487.1311.rna.25	fig|487.3938.rna.42	fig|487.1567.rna.55	fig|487.2103.rna.24	fig|487.1649.rna.13
fig|487.1039.rna.19	fig|487.1039.rna.21	fig|487.1818.rna.33	fig|487.1818.rna.35	fig|487.1818.rna.37	fig|487.721.rna.14	fig|487.721.rna.16	fig|487.2661.rna.17	fig|487.2785.rna.24	fig|487.2785.rna.26	fig|487.3149.rna.35	fig|487.2542.rna.42	fig|487.2542.rna.47	fig|487.1974.rna.25	fig|487.1974.rna.27	fig|487.4203.rna.11	fig|487.4203.rna.13	fig|487.2706.rna.34	fig|487.2706.rna.36	fig|487.2512.rna.28	fig|487.2631.rna.38	fig|487.2631.rna.40	fig|487.2631.rna.42	fig|487.2436.rna.20	fig|487.2436.rna.22	fig|487.1604.rna.36	fig|487.1604.rna.38	fig|487.1604.rna.40	fig|487.2518.rna.26	fig|487.2518.rna.28	fig|487.911.rna.20	fig|487.911.rna.22	fig|487.3771.rna.49	fig|487.978.rna.17	fig|487.978.rna.19	fig|487.3849.rna.40	fig|487.659.rna.27	fig|487.659.rna.29	fig|487.1106.rna.45	fig|487.1106.rna.47	fig|487.4187.rna.9	fig|487.1851.rna.5	fig|487.1851.rna.7	fig|487.779.rna.15	fig|487.779.rna.17	fig|487.1648.rna.32	fig|487.1648.rna.34	fig|487.1648.rna.36	fig|487.2688.rna.26	fig|487.673.rna.20	fig|487.673.rna.22	fig|487.2383.rna.7	fig|487.2383.rna.9	fig|487.747.rna.8	fig|487.747.rna.10	fig|487.2552.rna.3	fig|487.2552.rna.5	fig|487.1545.rna.31	fig|487.1545.rna.33	fig|487.1545.rna.35	fig|487.2779.rna.49	fig|487.2779.rna.51	fig|487.1007.rna.29	fig|487.1007.rna.31	fig|487.1129.rna.17	fig|487.1129.rna.19	fig|487.3696.rna.32	fig|487.3696.rna.34	fig|487.1887.rna.42	fig|487.1887.rna.44	fig|487.4171.rna.27	fig|487.4171.rna.29	fig|487.2069.rna.42	fig|487.2069.rna.44	fig|487.1528.rna.24	fig|487.1528.rna.26	fig|487.1311.rna.26	fig|487.3938.rna.43	fig|487.3938.rna.45	fig|487.1567.rna.33	fig|487.1567.rna.35	fig|487.2103.rna.10	fig|487.2103.rna.12	fig|487.1649.rna.19	fig|487.1649.rna.21
fig|487.1039.rna.20	fig|487.1039.rna.22	fig|487.1818.rna.34	fig|487.1818.rna.36	fig|487.1818.rna.38	fig|487.721.rna.13	fig|487.721.rna.15	fig|487.2661.rna.16	fig|487.2661.rna.18	fig|487.2785.rna.25	fig|487.2785.rna.27	fig|487.3149.rna.36	fig|487.2542.rna.20	fig|487.2542.rna.46	fig|487.1974.rna.24	fig|487.1974.rna.26	fig|487.4203.rna.10	fig|487.4203.rna.12	fig|487.2706.rna.35	fig|487.2706.rna.37	fig|487.2512.rna.29	fig|487.2512.rna.31	fig|487.2631.rna.39	fig|487.2631.rna.41	fig|487.2631.rna.43	fig|487.2436.rna.21	fig|487.2436.rna.23	fig|487.1604.rna.35	fig|487.1604.rna.37	fig|487.1604.rna.39	fig|487.2518.rna.27	fig|487.2518.rna.29	fig|487.911.rna.21	fig|487.911.rna.23	fig|487.3771.rna.48	fig|487.978.rna.18	fig|487.978.rna.20	fig|487.3849.rna.41	fig|487.659.rna.26	fig|487.1106.rna.44	fig|487.1106.rna.46	fig|487.4187.rna.10	fig|487.1851.rna.6	fig|487.1851.rna.8	fig|487.779.rna.14	fig|487.779.rna.16	fig|487.1648.rna.33	fig|487.1648.rna.35	fig|487.1648.rna.37	fig|487.2688.rna.27	fig|487.673.rna.19	fig|487.673.rna.21	fig|487.2383.rna.8	fig|487.2383.rna.10	fig|487.747.rna.7	fig|487.747.rna.9	fig|487.2552.rna.2	fig|487.2552.rna.4	fig|487.1545.rna.30	fig|487.1545.rna.32	fig|487.1545.rna.34	fig|487.2779.rna.50	fig|487.2779.rna.52	fig|487.1007.rna.28	fig|487.1007.rna.30	fig|487.1129.rna.18	fig|487.1129.rna.20	fig|487.3696.rna.31	fig|487.3696.rna.33	fig|487.1887.rna.41	fig|487.1887.rna.43	fig|487.4171.rna.26	fig|487.4171.rna.28	fig|487.2069.rna.43	fig|487.2069.rna.45	fig|487.1528.rna.25	fig|487.1528.rna.27	fig|487.1311.rna.27	fig|487.3938.rna.44	fig|487.3938.rna.46	fig|487.1567.rna.32	fig|487.1567.rna.34	fig|487.2103.rna.9	fig|487.2103.rna.11	fig|487.1649.rna.18	fig|487.1649.rna.20
fig|487.1039.rna.24	fig|487.1818.rna.48	fig|487.721.rna.33	fig|487.2661.rna.49	fig|487.2785.rna.45	fig|487.3149.rna.47	fig|487.2542.rna.22	fig|487.1974.rna.50	fig|487.4203.rna.57	fig|487.2706.rna.50	fig|487.2512.rna.46	fig|487.2631.rna.47	fig|487.2436.rna.52	fig|487.1604.rna.2	fig|487.2518.rna.52	fig|487.911.rna.6	fig|487.3771.rna.46	fig|487.978.rna.9	fig|487.3849.rna.43	fig|487.659.rna.39	fig|487.659.rna.53	fig|487.1106.rna.8	fig|487.1106.rna.56	fig|487.1106.rna.66	fig|487.1106.rna.71	fig|487.4187.rna.57	fig|487.1851.rna.39	fig|487.779.rna.10	fig|487.1648.rna.4	fig|487.2688.rna.41	fig|487.673.rna.15	fig|487.2383.rna.52	fig|487.747.rna.49	fig|487.2552.rna.26	fig|487.1545.rna.44	fig|487.2779.rna.46	fig|487.1007.rna.49	fig|487.1129.rna.8	fig|487.1129.rna.56	fig|487.1129.rna.68	fig|487.1129.rna.73	fig|487.3696.rna.49	fig|487.1887.rna.39	fig|487.4171.rna.39	fig|487.2069.rna.4	fig|487.1528.rna.41	fig|487.1311.rna.40	fig|487.3938.rna.51	fig|487.1567.rna.24	fig|487.2103.rna.51	fig|487.1649.rna.53
fig|487.1039.rna.25	fig|487.1818.rna.47	fig|487.721.rna.32	fig|487.2661.rna.50	fig|487.2785.rna.46	fig|487.3149.rna.48	fig|487.2542.rna.23	fig|487.1974.rna.49	fig|487.4203.rna.58	fig|487.2706.rna.49	fig|487.2512.rna.47	fig|487.2631.rna.48	fig|487.2436.rna.53	fig|487.1604.rna.3	fig|487.2518.rna.51	fig|487.911.rna.5	fig|487.3771.rna.45	fig|487.978.rna.8	fig|487.3849.rna.44	fig|487.659.rna.38	fig|487.659.rna.52	fig|487.1106.rna.9	fig|487.1106.rna.55	fig|487.1106.rna.67	fig|487.1106.rna.72	fig|487.4187.rna.56	fig|487.1851.rna.40	fig|487.779.rna.11	fig|487.1648.rna.3	fig|487.2688.rna.42	fig|487.673.rna.14	fig|487.2383.rna.53	fig|487.747.rna.50	fig|487.2552.rna.25	fig|487.1545.rna.43	fig|487.2779.rna.45	fig|487.1007.rna.48	fig|487.1129.rna.9	fig|487.1129.rna.55	fig|487.1129.rna.67	fig|487.1129.rna.72	fig|487.3696.rna.50	fig|487.1887.rna.38	fig|487.4171.rna.38	fig|487.2069.rna.3	fig|487.1528.rna.42	fig|487.1311.rna.39	fig|487.3938.rna.52	fig|487.1567.rna.23	fig|487.2103.rna.50	fig|487.1649.rna.52
fig|487.1039.rna.27	fig|487.1818.rna.45	fig|487.721.rna.38	fig|487.2661.rna.52	fig|487.2785.rna.48	fig|487.3149.rna.50	fig|487.2542.rna.25	fig|487.1974.rna.47	fig|487.4203.rna.60	fig|487.2706.rna.47	fig|487.2512.rna.49	fig|487.2631.rna.50	fig|487.2436.rna.55	fig|487.1604.rna.5	fig|487.2518.rna.49	fig|487.911.rna.3	fig|487.3771.rna.43	fig|487.978.rna.6	fig|487.3849.rna.46	fig|487.659.rna.50	fig|487.1106.rna.11	fig|487.1106.rna.53	fig|487.1106.rna.69	fig|487.1106.rna.74	fig|487.4187.rna.54	fig|487.1851.rna.42	fig|487.779.rna.13	fig|487.1648.rna.1	fig|487.2688.rna.44	fig|487.673.rna.12	fig|487.2383.rna.55	fig|487.747.rna.42	fig|487.2552.rna.23	fig|487.1545.rna.41	fig|487.2779.rna.43	fig|487.1007.rna.46	fig|487.1129.rna.11	fig|487.1129.rna.53	fig|487.1129.rna.65	fig|487.1129.rna.70	fig|487.3696.rna.52	fig|487.1887.rna.36	fig|487.4171.rna.36	fig|487.2069.rna.1	fig|487.1528.rna.44	fig|487.1311.rna.37	fig|487.3938.rna.7	fig|487.3938.rna.11	fig|487.3938.rna.31	fig|487.3938.rna.54	fig|487.1567.rna.21	fig|487.2103.rna.48	fig|487.1649.rna.50
fig|487.1039.rna.28	fig|487.1818.rna.41	fig|487.721.rna.21	fig|487.2661.rna.58	fig|487.2785.rna.56	fig|487.3149.rna.22	fig|487.2542.rna.30	fig|487.1974.rna.5	fig|487.4203.rna.35	fig|487.2706.rna.46	fig|487.2512.rna.62	fig|487.2631.rna.1	fig|487.2436.rna.34	fig|487.1604.rna.7	fig|487.2518.rna.8	fig|487.911.rna.25	fig|487.3771.rna.37	fig|487.978.rna.5	fig|487.3849.rna.51	fig|487.659.rna.9	fig|487.1106.rna.75	fig|487.4187.rna.33	fig|487.1851.rna.21	fig|487.779.rna.20	fig|487.1648.rna.25	fig|487.2688.rna.1	fig|487.673.rna.11	fig|487.2383.rna.37	fig|487.747.rna.22	fig|487.2552.rna.56	fig|487.1545.rna.58	fig|487.2779.rna.1	fig|487.1007.rna.38	fig|487.1129.rna.64	fig|487.3696.rna.21	fig|487.1887.rna.13	fig|487.4171.rna.10	fig|1190574.3.rna.24	fig|487.2069.rna.49	fig|487.1528.rna.13	fig|487.1311.rna.32	fig|487.3938.rna.62	fig|1095684.3.rna.25	fig|487.1567.rna.13	fig|487.2103.rna.45	fig|487.1649.rna.3
fig|487.1039.rna.29	fig|487.1818.rna.7	fig|487.2661.rna.59	fig|487.4203.rna.36	fig|487.978.rna.4	fig|487.4187.rna.34	fig|487.1851.rna.1	fig|487.747.rna.21	fig|487.1129.rna.63	fig|487.3696.rna.20	fig|487.1887.rna.14	fig|487.1649.rna.43
fig|487.1039.rna.30	fig|487.1818.rna.8	fig|487.721.rna.1	fig|487.2661.rna.30	fig|487.2785.rna.23	fig|487.3149.rna.24	fig|487.2542.rna.28	fig|487.1974.rna.29	fig|487.4203.rna.34	fig|487.2706.rna.20	fig|487.2512.rna.3	fig|487.2631.rna.14	fig|487.2436.rna.44	fig|487.1604.rna.12	fig|487.2518.rna.20	fig|487.911.rna.49	fig|487.3771.rna.1	fig|487.978.rna.32	fig|487.3849.rna.17	fig|487.659.rna.11	fig|487.1106.rna.39	fig|487.4187.rna.32	fig|487.1851.rna.4	fig|487.779.rna.48	fig|487.1648.rna.6	fig|487.2688.rna.16	fig|487.673.rna.28	fig|487.2383.rna.38	fig|487.747.rna.23	fig|487.2552.rna.50	fig|487.1545.rna.8	fig|487.2779.rna.25	fig|487.1007.rna.39	fig|487.1129.rna.25	fig|487.3696.rna.29	fig|487.1887.rna.7	fig|487.4171.rna.22	fig|487.2069.rna.38	fig|487.1528.rna.1	fig|487.1311.rna.12	fig|487.3938.rna.13	fig|487.1567.rna.28	fig|487.2103.rna.26	fig|487.1649.rna.34
fig|487.1039.rna.33	fig|487.3149.rna.37	fig|487.2542.rna.41	fig|487.4203.rna.44	fig|487.2631.rna.56	fig|487.2518.rna.13	fig|487.978.rna.51	fig|487.4187.rna.28	fig|487.673.rna.56	fig|487.747.rna.32	fig|487.2552.rna.54	fig|487.1007.rna.41	fig|487.1311.rna.43	fig|487.3938.rna.10	fig|487.1567.rna.9
fig|487.1039.rna.34	fig|487.1818.rna.26	fig|487.721.rna.35	fig|487.2661.rna.54	fig|487.2785.rna.38	fig|487.3149.rna.53	fig|487.2542.rna.10	fig|487.1974.rna.23	fig|487.4203.rna.26	fig|487.2706.rna.44	fig|487.2512.rna.42	fig|487.2631.rna.45	fig|487.2436.rna.36	fig|487.1604.rna.20	fig|487.2518.rna.19	fig|487.911.rna.8	fig|487.3771.rna.16	fig|487.978.rna.11	fig|487.3849.rna.49	fig|487.659.rna.13	fig|487.1106.rna.6	fig|487.4187.rna.17	fig|487.1851.rna.11	fig|487.779.rna.8	fig|487.1648.rna.27	fig|487.2688.rna.53	fig|487.673.rna.17	fig|487.2383.rna.30	fig|487.747.rna.36	fig|487.2552.rna.52	fig|487.1545.rna.10	fig|487.2779.rna.16	fig|487.1007.rna.14	fig|487.1129.rna.58	fig|487.3696.rna.10	fig|487.1887.rna.35	fig|487.4171.rna.60	fig|487.2069.rna.19	fig|487.1528.rna.39	fig|487.1311.rna.42	fig|487.3938.rna.3	fig|487.1567.rna.7	fig|487.2103.rna.44	fig|487.1649.rna.30
fig|487.1039.rna.36	fig|487.1039.rna.49	fig|487.1818.rna.59	fig|487.1818.rna.22	fig|487.721.rna.18	fig|487.721.rna.39	fig|487.2661.rna.4	fig|487.2661.rna.31	fig|487.2785.rna.33	fig|487.2785.rna.34	fig|487.3149.rna.3	fig|487.3149.rna.13	fig|487.2542.rna.52	fig|487.2542.rna.29	fig|487.1974.rna.17	fig|487.1974.rna.4	fig|487.4203.rna.1	fig|487.4203.rna.22	fig|487.2706.rna.14	fig|487.2706.rna.19	fig|487.2512.rna.59	fig|487.2512.rna.19	fig|487.2631.rna.5	fig|487.2631.rna.12	fig|487.2436.rna.12	fig|487.2436.rna.39	fig|487.1604.rna.13	fig|487.1604.rna.45	fig|487.2518.rna.60	fig|487.2518.rna.56	fig|487.911.rna.26	fig|487.911.rna.50	fig|487.3771.rna.27	fig|487.3771.rna.26	fig|487.978.rna.31	fig|487.978.rna.33	fig|487.3849.rna.26	fig|487.3849.rna.12	fig|487.659.rna.14	fig|487.659.rna.25	fig|487.1106.rna.4	fig|487.1106.rna.20	fig|487.4187.rna.50	fig|487.4187.rna.52	fig|487.1851.rna.43	fig|487.1851.rna.46	fig|487.779.rna.24	fig|487.779.rna.45	fig|487.1648.rna.46	fig|487.1648.rna.26	fig|487.2688.rna.8	fig|487.2688.rna.19	fig|487.673.rna.29	fig|487.673.rna.47	fig|487.2383.rna.23	fig|487.747.rna.31	fig|487.747.rna.43	fig|487.2552.rna.37	fig|487.2552.rna.33	fig|487.1545.rna.15	fig|487.1545.rna.18	fig|487.2779.rna.26	fig|487.2779.rna.33	fig|487.1007.rna.43	fig|487.1007.rna.52	fig|487.1129.rna.44	fig|487.1129.rna.60	fig|487.3696.rna.23	fig|487.1887.rna.56	fig|487.1887.rna.10	fig|487.4171.rna.18	fig|487.4171.rna.20	fig|487.2069.rna.30	fig|487.2069.rna.32	fig|487.1528.rna.47	fig|487.1528.rna.18	fig|487.1311.rna.2	fig|487.1311.rna.28	fig|487.3938.rna.30	fig|487.3938.rna.68	fig|487.1567.rna.6	fig|487.1567.rna.10	fig|487.2103.rna.36	fig|487.2103.rna.47	fig|487.1649.rna.37	fig|487.1649.rna.36
fig|487.1039.rna.37	fig|487.721.rna.31	fig|487.2661.rna.53	fig|487.2785.rna.37	fig|487.3149.rna.52	fig|487.2542.rna.38	fig|487.1974.rna.22	fig|487.4203.rna.25	fig|487.2706.rna.43	fig|487.2512.rna.41	fig|487.2631.rna.44	fig|487.2436.rna.37	fig|487.1604.rna.31	fig|487.2518.rna.55	fig|487.911.rna.9	fig|487.3771.rna.2	fig|487.978.rna.30	fig|487.3849.rna.47	fig|487.1106.rna.5	fig|487.4187.rna.18	fig|487.1851.rna.47	fig|487.779.rna.7	fig|487.1648.rna.28	fig|487.2688.rna.52	fig|487.673.rna.44	fig|487.2383.rna.29	fig|487.747.rna.38	fig|487.2552.rna.36	fig|487.1545.rna.9	fig|487.2779.rna.17	fig|487.1007.rna.13	fig|487.1129.rna.59	fig|487.3696.rna.9	fig|487.1887.rna.8	fig|487.4171.rna.59	fig|487.2069.rna.18	fig|487.1528.rna.38	fig|487.1311.rna.47	fig|487.3938.rna.4	fig|487.1567.rna.8	fig|487.2103.rna.43	fig|487.1649.rna.29
fig|487.1039.rna.38	fig|487.1818.rna.40	fig|487.721.rna.19	fig|487.2661.rna.2	fig|487.2785.rna.22	fig|487.3149.rna.39	fig|487.2542.rna.60	fig|487.1974.rna.45	fig|487.4203.rna.32	fig|487.2706.rna.21	fig|487.2512.rna.5	fig|487.2631.rna.58	fig|487.2436.rna.26	fig|487.1604.rna.11	fig|487.2518.rna.24	fig|487.911.rna.1	fig|487.3771.rna.39	fig|487.978.rna.29	fig|487.3849.rna.30	fig|487.659.rna.22	fig|487.1106.rna.43	fig|487.4187.rna.31	fig|487.1851.rna.15	fig|487.779.rna.35	fig|487.1648.rna.30	fig|487.2688.rna.29	fig|487.673.rna.33	fig|487.2383.rna.31	fig|487.747.rna.19	fig|487.2552.rna.35	fig|487.1545.rna.54	fig|487.2779.rna.53	fig|487.1007.rna.27	fig|487.1129.rna.21	fig|487.3696.rna.26	fig|487.1887.rna.17	fig|487.4171.rna.1	fig|487.2069.rna.37	fig|487.1528.rna.37	fig|487.1311.rna.29	fig|487.3938.rna.1	fig|487.1567.rna.41	fig|487.2103.rna.39	fig|487.1649.rna.33
fig|487.1039.rna.39	fig|487.721.rna.12	fig|487.2661.rna.1	fig|487.2785.rna.28	fig|487.3149.rna.2	fig|487.2542.rna.27	fig|487.4203.rna.52	fig|487.2706.rna.15	fig|487.2512.rna.4	fig|487.2631.rna.59	fig|487.2436.rna.14	fig|487.1604.rna.34	fig|487.2518.rna.54	fig|487.3771.rna.6	fig|487.978.rna.37	fig|487.3849.rna.1	fig|487.659.rna.20	fig|487.1106.rna.41	fig|487.4187.rna.49	fig|487.1851.rna.12	fig|487.1648.rna.14	fig|487.673.rna.31	fig|487.2383.rna.42	fig|487.747.rna.37	fig|487.2552.rna.51	fig|487.1545.rna.16	fig|487.2779.rna.15	fig|487.1007.rna.18	fig|487.1129.rna.23	fig|487.3696.rna.27	fig|487.1887.rna.48	fig|487.4171.rna.17	fig|487.2069.rna.31	fig|487.1528.rna.8	fig|487.1311.rna.1	fig|487.3938.rna.8	fig|487.1567.rna.29	fig|487.1649.rna.49
fig|487.1039.rna.40	fig|487.1039.rna.41	fig|487.1818.rna.13	fig|487.1818.rna.14	fig|487.1818.rna.15	fig|487.1818.rna.16	fig|487.721.rna.5	fig|487.2661.rna.27	fig|487.2661.rna.28	fig|487.2785.rna.4	fig|487.2785.rna.5	fig|487.3149.rna.20	fig|487.3149.rna.21	fig|487.2542.rna.15	fig|487.2542.rna.16	fig|487.1974.rna.30	fig|487.1974.rna.31	fig|487.1974.rna.32	fig|487.4203.rna.37	fig|487.4203.rna.38	fig|487.2706.rna.4	fig|487.2706.rna.5	fig|487.2512.rna.10	fig|487.2512.rna.11	fig|487.2631.rna.18	fig|487.2631.rna.19	fig|487.2436.rna.5	fig|487.2436.rna.6	fig|487.1604.rna.17	fig|487.1604.rna.18	fig|487.1604.rna.19	fig|487.2518.rna.44	fig|487.2518.rna.45	fig|487.911.rna.30	fig|487.911.rna.31	fig|487.3771.rna.9	fig|487.978.rna.41	fig|487.978.rna.42	fig|487.3849.rna.22	fig|487.3849.rna.23	fig|487.1106.rna.34	fig|487.1106.rna.35	fig|487.4187.rna.35	fig|487.4187.rna.36	fig|487.1851.rna.9	fig|487.779.rna.43	fig|487.1648.rna.24	fig|487.2688.rna.50	fig|487.2688.rna.51	fig|487.673.rna.1	fig|487.673.rna.2	fig|487.2383.rna.46	fig|487.2383.rna.47	fig|487.747.rna.29	fig|487.747.rna.30	fig|487.2552.rna.41	fig|487.2552.rna.42	fig|487.1545.rna.6	fig|487.1545.rna.7	fig|487.2779.rna.37	fig|487.2779.rna.38	fig|487.1007.rna.8	fig|487.1007.rna.9	fig|487.1129.rna.29	fig|487.1129.rna.30	fig|487.3696.rna.43	fig|487.1887.rna.31	fig|487.1887.rna.32	fig|487.1887.rna.33	fig|487.4171.rna.52	fig|487.4171.rna.53	fig|487.2069.rna.27	fig|487.2069.rna.28	fig|487.2069.rna.29	fig|487.1528.rna.31	fig|487.1311.rna.14	fig|487.3938.rna.18	fig|487.3938.rna.19	fig|487.1567.rna.5	fig|487.2103.rna.35	fig|487.1649.rna.26	fig|487.1649.rna.27	fig|487.1649.rna.28
fig|487.1039.rna.42	fig|487.1039.rna.43	fig|487.1039.rna.44	fig|487.1818.rna.9	fig|487.1818.rna.10	fig|487.1818.rna.11	fig|487.1818.rna.12	fig|487.721.rna.6	fig|487.721.rna.7	fig|487.2661.rna.24	fig|487.2661.rna.25	fig|487.2661.rna.26	fig|487.2785.rna.1	fig|487.2785.rna.2	fig|487.2785.rna.3	fig|487.3149.rna.17	fig|487.3149.rna.18	fig|487.3149.rna.19	fig|487.2542.rna.17	fig|487.2542.rna.18	fig|487.2542.rna.19	fig|487.1974.rna.46	fig|487.4203.rna.39	fig|487.4203.rna.40	fig|487.4203.rna.41	fig|487.2706.rna.6	fig|487.2706.rna.7	fig|487.2706.rna.8	fig|487.2512.rna.7	fig|487.2512.rna.8	fig|487.2512.rna.9	fig|487.2631.rna.20	fig|487.2631.rna.21	fig|487.2631.rna.22	fig|487.2436.rna.7	fig|487.2436.rna.8	fig|487.2436.rna.9	fig|487.1604.rna.14	fig|487.1604.rna.15	fig|487.1604.rna.16	fig|487.2518.rna.47	fig|487.2518.rna.48	fig|487.911.rna.32	fig|487.911.rna.33	fig|487.911.rna.34	fig|487.3771.rna.10	fig|487.978.rna.38	fig|487.978.rna.39	fig|487.978.rna.40	fig|487.3849.rna.21	fig|487.1106.rna.31	fig|487.1106.rna.32	fig|487.1106.rna.33	fig|487.4187.rna.37	fig|487.4187.rna.38	fig|487.4187.rna.39	fig|487.1851.rna.10	fig|487.779.rna.40	fig|487.779.rna.41	fig|487.779.rna.42	fig|487.1648.rna.10	fig|487.1648.rna.11	fig|487.1648.rna.12	fig|487.1648.rna.13	fig|487.2688.rna.47	fig|487.2688.rna.48	fig|487.2688.rna.49	fig|487.673.rna.3	fig|487.673.rna.4	fig|487.673.rna.5	fig|487.2383.rna.43	fig|487.2383.rna.44	fig|487.2383.rna.45	fig|487.747.rna.26	fig|487.747.rna.27	fig|487.747.rna.28	fig|487.2552.rna.43	fig|487.2552.rna.44	fig|487.1545.rna.3	fig|487.1545.rna.4	fig|487.1545.rna.5	fig|487.2779.rna.34	fig|487.2779.rna.35	fig|487.2779.rna.36	fig|487.1007.rna.10	fig|487.1007.rna.11	fig|487.1007.rna.12	fig|487.1129.rna.31	fig|487.1129.rna.32	fig|487.1129.rna.33	fig|487.3696.rna.39	fig|487.3696.rna.40	fig|487.3696.rna.41	fig|487.1887.rna.27	fig|487.1887.rna.28	fig|487.1887.rna.29	fig|487.1887.rna.30	fig|487.4171.rna.54	fig|487.4171.rna.55	fig|487.4171.rna.56	fig|487.2069.rna.23	fig|487.2069.rna.24	fig|487.2069.rna.25	fig|487.2069.rna.26	fig|487.1528.rna.28	fig|487.1528.rna.29	fig|487.1528.rna.30	fig|487.1311.rna.15	fig|487.3938.rna.20	fig|487.3938.rna.21	fig|487.3938.rna.22	fig|487.1567.rna.1	fig|487.1567.rna.2	fig|487.1567.rna.3	fig|487.2103.rna.31	fig|487.2103.rna.32	fig|487.2103.rna.33	fig|487.2103.rna.34	fig|487.1649.rna.22	fig|487.1649.rna.23	fig|487.1649.rna.24	fig|487.1649.rna.25
fig|487.1039.rna.45	fig|487.1818.rna.60	fig|487.721.rna.40	fig|487.2661.rna.40	fig|487.2785.rna.32	fig|487.3149.rna.16	fig|487.2542.rna.14	fig|487.1974.rna.28	fig|487.2706.rna.16	fig|487.2512.rna.15	fig|487.2631.rna.24	fig|487.2436.rna.43	fig|487.1604.rna.41	fig|487.2518.rna.14	fig|487.911.rna.55	fig|487.3771.rna.19	fig|487.978.rna.36	fig|487.3849.rna.7	fig|487.659.rna.10	fig|487.1106.rna.40	fig|487.4187.rna.51	fig|487.779.rna.54	fig|487.1648.rna.16	fig|487.2688.rna.35	fig|487.673.rna.46	fig|487.2552.rna.14	fig|487.1545.rna.19	fig|487.2779.rna.24	fig|487.1007.rna.42	fig|487.1129.rna.24	fig|487.3696.rna.28	fig|487.1887.rna.2	fig|487.4171.rna.19	fig|487.2069.rna.47	fig|487.1528.rna.2	fig|487.1311.rna.13	fig|487.3938.rna.29	fig|487.1567.rna.15	fig|487.2103.rna.27	fig|487.1649.rna.15
fig|487.1039.rna.46	fig|487.1818.rna.42	fig|487.721.rna.25	fig|487.2661.rna.7	fig|487.2785.rna.29	fig|487.3149.rna.7	fig|487.2542.rna.58	fig|487.1974.rna.10	fig|487.4203.rna.48	fig|487.2706.rna.40	fig|487.2512.rna.36	fig|487.2631.rna.53	fig|487.2436.rna.32	fig|487.1604.rna.28	fig|487.2518.rna.3	fig|487.911.rna.16	fig|487.3771.rna.13	fig|487.978.rna.45	fig|487.3849.rna.2	fig|487.659.rna.46	fig|487.1106.rna.62	fig|487.4187.rna.44	fig|487.1851.rna.27	fig|487.779.rna.23	fig|487.1648.rna.54	fig|487.2688.rna.13	fig|487.673.rna.8	fig|487.2383.rna.33	fig|487.747.rna.35	fig|487.2552.rna.57	fig|487.1545.rna.22	fig|487.2779.rna.40	fig|487.1007.rna.17	fig|487.1129.rna.2	fig|487.3696.rna.6	fig|487.1887.rna.26	fig|487.4171.rna.43	fig|487.2069.rna.39	fig|487.1528.rna.15	fig|487.1311.rna.6	fig|487.3938.rna.59	fig|487.1567.rna.38	fig|487.2103.rna.42	fig|487.1649.rna.8
fig|487.1039.rna.47	fig|487.1818.rna.43	fig|487.721.rna.26	fig|487.2661.rna.6	fig|487.2785.rna.30	fig|487.3149.rna.8	fig|487.1974.rna.11	fig|487.4203.rna.47	fig|487.2512.rna.37	fig|487.1604.rna.29	fig|487.911.rna.17	fig|487.3771.rna.14	fig|487.978.rna.46	fig|487.3849.rna.3	fig|487.659.rna.47	fig|487.1106.rna.61	fig|487.4187.rna.43	fig|487.1851.rna.28	fig|487.779.rna.22	fig|487.1648.rna.53	fig|487.2688.rna.12	fig|487.673.rna.7	fig|487.2383.rna.34	fig|487.747.rna.34	fig|487.2552.rna.58	fig|487.1545.rna.23	fig|487.2779.rna.41	fig|487.1007.rna.16	fig|487.1129.rna.3	fig|487.3696.rna.7	fig|487.1887.rna.25	fig|487.4171.rna.44	fig|487.2069.rna.40	fig|487.1528.rna.16	fig|487.1311.rna.7	fig|487.3938.rna.58	fig|487.1567.rna.37	fig|487.2103.rna.41	fig|487.1649.rna.7
fig|487.1039.rna.48	fig|487.1818.rna.44	fig|487.721.rna.27	fig|487.2661.rna.5	fig|487.2785.rna.31	fig|487.3149.rna.9	fig|487.2542.rna.56	fig|487.1974.rna.12	fig|487.4203.rna.46	fig|487.2706.rna.38	fig|487.2512.rna.38	fig|487.2631.rna.51	fig|487.2436.rna.30	fig|487.1604.rna.30	fig|487.2518.rna.1	fig|487.911.rna.18	fig|487.3771.rna.15	fig|487.978.rna.47	fig|487.3849.rna.4	fig|487.659.rna.48	fig|487.1106.rna.60	fig|487.4187.rna.42	fig|487.1851.rna.29	fig|487.779.rna.21	fig|487.1648.rna.52	fig|487.2688.rna.11	fig|487.673.rna.6	fig|487.2383.rna.35	fig|487.747.rna.33	fig|487.2552.rna.59	fig|487.1545.rna.24	fig|487.2779.rna.42	fig|487.1007.rna.15	fig|487.1129.rna.4	fig|487.3696.rna.8	fig|487.1887.rna.24	fig|487.4171.rna.45	fig|487.2069.rna.41	fig|487.1528.rna.17	fig|487.1311.rna.8	fig|487.3938.rna.57	fig|487.1567.rna.36	fig|487.2103.rna.40	fig|487.1649.rna.6
fig|487.1039.rna.50	fig|487.1818.rna.31	fig|487.721.rna.43	fig|487.2661.rna.10	fig|487.3149.rna.33	fig|487.2542.rna.11	fig|487.1974.rna.8	fig|487.4203.rna.18	fig|487.2706.rna.25	fig|487.2512.rna.23	fig|487.2631.rna.33	fig|487.2436.rna.15	fig|487.1604.rna.21	fig|487.2518.rna.37	fig|487.911.rna.51	fig|487.3771.rna.20	fig|487.978.rna.50	fig|487.3849.rna.14	fig|487.1106.rna.52	fig|487.4187.rna.4	fig|487.1851.rna.20	fig|487.779.rna.51	fig|487.1648.rna.21	fig|487.2688.rna.21	fig|487.673.rna.39	fig|487.2383.rna.2	fig|487.747.rna.44	fig|487.2552.rna.38	fig|487.1545.rna.40	fig|487.2779.rna.30	fig|487.1007.rna.33	fig|487.1129.rna.12	fig|487.3696.rna.37	fig|487.1887.rna.19	fig|487.4171.rna.34	fig|487.2069.rna.17	fig|487.1528.rna.19	fig|487.1311.rna.21	fig|487.3938.rna.38	fig|487.1567.rna.46	fig|487.2103.rna.20	fig|487.1649.rna.9
fig|487.1039.rna.51	fig|487.1818.rna.30	fig|487.721.rna.42	fig|487.2661.rna.11	fig|487.2785.rna.54	fig|487.3149.rna.32	fig|487.2542.rna.12	fig|487.1974.rna.7	fig|487.4203.rna.17	fig|487.2706.rna.24	fig|487.2512.rna.24	fig|487.2631.rna.34	fig|487.2436.rna.16	fig|487.1604.rna.22	fig|487.2518.rna.38	fig|487.911.rna.52	fig|487.3771.rna.21	fig|487.978.rna.49	fig|487.3849.rna.15	fig|487.659.rna.42	fig|487.1106.rna.51	fig|487.4187.rna.5	fig|487.1851.rna.19	fig|487.779.rna.50	fig|487.1648.rna.20	fig|487.2688.rna.22	fig|487.673.rna.38	fig|487.2383.rna.3	fig|487.747.rna.45	fig|487.2552.rna.39	fig|487.1545.rna.39	fig|487.2779.rna.31	fig|487.1007.rna.34	fig|487.1129.rna.13	fig|487.3696.rna.36	fig|487.1887.rna.20	fig|487.4171.rna.33	fig|487.1528.rna.20	fig|487.1311.rna.22	fig|487.3938.rna.39	fig|487.2103.rna.21	fig|487.1649.rna.10
fig|487.1039.rna.52	fig|487.2785.rna.55	fig|487.4203.rna.16	fig|487.1604.rna.23	fig|487.978.rna.48	fig|487.659.rna.43	fig|487.4187.rna.6	fig|487.1851.rna.18	fig|487.2688.rna.23	fig|487.2383.rna.4	fig|487.747.rna.46	fig|487.1545.rna.38	fig|487.1007.rna.35	fig|487.1567.rna.44
fig|487.1039.rna.53	fig|487.1818.rna.1	fig|487.721.rna.9	fig|487.2661.rna.46	fig|487.2785.rna.35	fig|487.3149.rna.54	fig|487.2542.rna.51	fig|487.1974.rna.1	fig|487.4203.rna.43	fig|487.2706.rna.10	fig|487.2512.rna.21	fig|487.2631.rna.7	fig|487.2436.rna.11	fig|487.1604.rna.9	fig|487.2518.rna.42	fig|487.911.rna.36	fig|487.3771.rna.4	fig|487.978.rna.53	fig|487.3849.rna.24	fig|487.659.rna.56	fig|487.1106.rna.29	fig|487.4187.rna.41	fig|487.1851.rna.49	fig|487.779.rna.38	fig|487.1648.rna.29	fig|487.2688.rna.45	fig|487.673.rna.42	fig|487.2383.rna.49	fig|487.747.rna.24	fig|487.2552.rna.45	fig|487.1545.rna.1	fig|487.2779.rna.19	fig|487.1007.rna.53	fig|487.1129.rna.35	fig|487.3696.rna.53	fig|487.1887.rna.4	fig|487.4171.rna.58	fig|487.2069.rna.50	fig|487.1528.rna.46	fig|487.1311.rna.18	fig|487.3938.rna.55	fig|487.1567.rna.19	fig|487.2103.rna.1	fig|487.1649.rna.32
fig|487.1039.rna.54	fig|487.1818.rna.2	fig|487.721.rna.8	fig|487.2661.rna.47	fig|487.2785.rna.36	fig|487.3149.rna.55	fig|487.2542.rna.50	fig|487.1974.rna.2	fig|487.4203.rna.42	fig|487.2706.rna.9	fig|487.2512.rna.20	fig|487.2631.rna.8	fig|487.2436.rna.10	fig|487.1604.rna.10	fig|487.2518.rna.43	fig|487.3771.rna.5	fig|487.978.rna.52	fig|487.3849.rna.25	fig|487.659.rna.57	fig|487.1106.rna.30	fig|487.4187.rna.40	fig|487.1851.rna.48	fig|487.1648.rna.47	fig|487.2688.rna.46	fig|487.673.rna.43	fig|487.2383.rna.48	fig|487.747.rna.25	fig|487.2552.rna.46	fig|487.1545.rna.2	fig|487.2779.rna.18	fig|487.1007.rna.54	fig|487.1129.rna.34	fig|487.3696.rna.54	fig|487.1887.rna.3	fig|487.4171.rna.57	fig|487.2069.rna.51	fig|487.1528.rna.45	fig|487.1311.rna.17	fig|487.3938.rna.56	fig|487.1567.rna.20	fig|487.2103.rna.2	fig|487.1649.rna.31
fig|487.1039.rna.55	fig|487.1818.rna.32	fig|487.721.rna.55	fig|487.2661.rna.9	fig|487.2785.rna.42	fig|487.3149.rna.51	fig|487.2542.rna.44	fig|487.1974.rna.9	fig|487.4203.rna.55	fig|487.2706.rna.41	fig|487.2512.rna.34	fig|487.2631.rna.55	fig|487.2436.rna.33	fig|487.1604.rna.46	fig|487.2518.rna.41	fig|487.911.rna.15	fig|487.3771.rna.12	fig|487.978.rna.43	fig|487.3849.rna.48	fig|487.659.rna.24	fig|487.1106.rna.64	fig|487.4187.rna.46	fig|487.1851.rna.26	fig|487.779.rna.47	fig|487.1648.rna.45	fig|487.2688.rna.20	fig|487.673.rna.9	fig|487.2383.rna.32	fig|487.747.rna.55	fig|487.2552.rna.12	fig|487.1545.rna.17	fig|487.2779.rna.27	fig|487.1007.rna.55	fig|487.1129.rna.75	fig|487.3696.rna.5	fig|487.1887.rna.9	fig|487.4171.rna.41	fig|487.2069.rna.46	fig|487.1528.rna.34	fig|487.1311.rna.4	fig|487.3938.rna.61	fig|487.1567.rna.31	fig|487.2103.rna.3	fig|487.1649.rna.2
fig|487.1039.rna.56	fig|487.1818.rna.28	fig|487.721.rna.46	fig|487.2661.rna.13	fig|487.2785.rna.39	fig|487.3149.rna.40	fig|487.2542.rna.1	fig|487.1974.rna.42	fig|487.4203.rna.15	fig|487.2706.rna.26	fig|487.2512.rna.26	fig|487.2631.rna.36	fig|487.2436.rna.18	fig|487.1604.rna.24	fig|487.2518.rna.40	fig|487.911.rna.54	fig|487.3771.rna.32	fig|487.978.rna.54	fig|487.3849.rna.29	fig|487.659.rna.44	fig|487.1106.rna.49	fig|487.4187.rna.7	fig|487.1851.rna.17	fig|487.779.rna.53	fig|487.1648.rna.18	fig|487.2688.rna.24	fig|487.673.rna.24	fig|487.2383.rna.5	fig|487.747.rna.47	fig|487.2552.rna.28	fig|487.1545.rna.37	fig|487.2779.rna.39	fig|487.1007.rna.36	fig|487.1129.rna.15	fig|487.3696.rna.45	fig|487.1887.rna.22	fig|487.4171.rna.31	fig|487.2069.rna.14	fig|487.1528.rna.22	fig|487.1311.rna.24	fig|487.3938.rna.41	fig|487.1567.rna.30	fig|487.2103.rna.23	fig|487.1649.rna.12
fig|487.1039.rna.57	fig|487.721.rna.28	fig|487.2661.rna.29	fig|487.2542.rna.3	fig|487.1974.rna.14	fig|487.4203.rna.31	fig|487.2706.rna.11	fig|487.2512.rna.14	fig|487.2631.rna.6	fig|487.2436.rna.38	fig|487.1604.rna.50	fig|487.1604.rna.47	fig|487.2518.rna.30	fig|487.3771.rna.18	fig|487.978.rna.57	fig|487.3849.rna.13	fig|487.1106.rna.58	fig|487.4187.rna.27	fig|487.4187.rna.53	fig|487.1648.rna.39	fig|487.1648.rna.38	fig|487.2688.rna.56	fig|487.673.rna.32	fig|487.2383.rna.1	fig|487.747.rna.54	fig|487.747.rna.56	fig|487.1545.rna.28	fig|487.2779.rna.56	fig|487.1007.rna.40	fig|487.1129.rna.6	fig|487.1887.rna.18	fig|487.1528.rna.32	fig|487.2103.rna.17	fig|487.1649.rna.38
fig|487.1818.rna.27	fig|487.659.rna.55
fig|487.1818.rna.39	fig|487.1818.rna.50	fig|487.721.rna.11	fig|487.2661.rna.23	fig|487.2785.rna.43	fig|487.3149.rna.4	fig|487.3149.rna.38	fig|487.2542.rna.26	fig|487.1974.rna.40	fig|487.4203.rna.53	fig|487.2706.rna.22	fig|487.2512.rna.33	fig|487.2631.rna.9	fig|487.2436.rna.13	fig|487.2518.rna.9	fig|487.911.rna.2	fig|487.3771.rna.29	fig|487.978.rna.44	fig|487.3849.rna.27	fig|487.659.rna.45	fig|487.1106.rna.42	fig|487.1851.rna.30	fig|487.1851.rna.32	fig|487.779.rna.52	fig|487.2688.rna.17	fig|487.673.rna.18	fig|487.2383.rna.50	fig|487.2552.rna.1	fig|487.2552.rna.13	fig|487.1545.rna.29	fig|487.2779.rna.55	fig|487.1007.rna.51	fig|487.1129.rna.22	fig|487.3696.rna.44	fig|487.3696.rna.47	fig|487.1887.rna.16	fig|487.4171.rna.14	fig|487.4171.rna.21	fig|487.2069.rna.10	fig|487.2069.rna.21	fig|487.1528.rna.33	fig|487.1311.rna.20	fig|487.1311.rna.30	fig|487.3938.rna.37	fig|487.3938.rna.65	fig|487.1567.rna.42	fig|487.1567.rna.54	fig|487.2103.rna.19	fig|487.1649.rna.16
fig|487.1818.rna.29	fig|487.721.rna.41	fig|487.2661.rna.12	fig|487.3149.rna.31	fig|487.2542.rna.13	fig|487.1974.rna.6	fig|487.2706.rna.23	fig|487.2512.rna.25	fig|487.2631.rna.35	fig|487.2436.rna.17	fig|487.2518.rna.39	fig|487.911.rna.53	fig|487.3771.rna.22	fig|487.3849.rna.16	fig|487.1106.rna.50	fig|487.779.rna.49	fig|487.1648.rna.19	fig|487.673.rna.37	fig|487.2552.rna.40	fig|487.2779.rna.32	fig|487.1129.rna.14	fig|487.3696.rna.35	fig|487.1887.rna.21	fig|487.4171.rna.32	fig|487.2069.rna.15	fig|487.1528.rna.21	fig|487.1311.rna.23	fig|487.3938.rna.40	fig|487.2103.rna.22	fig|487.1649.rna.11
fig|487.1818.rna.3	fig|487.721.rna.30	fig|487.2661.rna.56	fig|487.2785.rna.9	fig|487.2542.rna.48	fig|487.1974.rna.16	fig|487.2706.rna.13	fig|487.2512.rna.1	fig|487.2631.rna.3	fig|487.2436.rna.25	fig|487.2518.rna.11	fig|487.911.rna.13	fig|487.3771.rna.52	fig|487.3849.rna.5	fig|487.659.rna.15	fig|487.1106.rna.3	fig|487.1851.rna.14	fig|487.779.rna.33	fig|487.1648.rna.8	fig|487.2688.rna.54	fig|487.673.rna.41	fig|487.2383.rna.40	fig|487.1545.rna.55	fig|487.2779.rna.4	fig|487.1129.rna.61	fig|487.3696.rna.11	fig|487.1887.rna.6	fig|487.2069.rna.54	fig|487.1528.rna.35	fig|487.3938.rna.66	fig|487.1567.rna.12	fig|487.2103.rna.4	fig|487.1649.rna.5
fig|487.1818.rna.4	fig|487.2785.rna.10	fig|487.2631.rna.4	fig|487.1648.rna.9	fig|487.2688.rna.55	fig|487.1528.rna.36	fig|487.2103.rna.5
fig|487.1818.rna.25	fig|487.2103.rna.28
fig|487.721.rna.20	fig|487.2785.rna.57	fig|487.3149.rna.23	fig|487.2542.rna.31	fig|487.1974.rna.33	fig|487.2706.rna.45	fig|487.2512.rna.61	fig|487.2631.rna.2	fig|487.2436.rna.35	fig|487.1604.rna.32	fig|487.2518.rna.7	fig|487.911.rna.24	fig|487.3771.rna.36	fig|487.3849.rna.53	fig|487.659.rna.8	fig|487.1106.rna.1	fig|487.779.rna.19	fig|487.1648.rna.31	fig|487.2688.rna.14	fig|487.673.rna.10	fig|487.2383.rna.36	fig|487.2552.rna.55	fig|487.1545.rna.57	fig|487.2779.rna.2	fig|487.1007.rna.37	fig|487.4171.rna.11	fig|487.2069.rna.20	fig|487.1528.rna.14	fig|487.1311.rna.31	fig|487.3938.rna.14	fig|487.1567.rna.14	fig|487.2103.rna.38
fig|487.721.rna.54	fig|487.3771.rna.40	fig|487.3849.rna.37	fig|487.1106.rna.27	fig|487.2688.rna.33	fig|487.1129.rna.37
fig|487.2661.rna.15	fig|487.2512.rna.30
fig|487.2661.rna.43	fig|487.2542.rna.33	fig|487.2706.rna.53	fig|487.2631.rna.61	fig|487.2436.rna.28	fig|487.2518.rna.22	fig|487.911.rna.11	fig|487.779.rna.2	fig|487.1648.rna.50	fig|487.2688.rna.38	fig|487.2383.rna.13	fig|487.3696.rna.3	fig|487.4171.rna.48	fig|487.2069.rna.12	fig|487.1528.rna.10	fig|487.1567.rna.57	fig|487.2103.rna.7
fig|487.2661.rna.3	fig|487.4203.rna.45	fig|487.4187.rna.30	fig|487.1567.rna.18
fig|487.2661.rna.8	fig|487.3149.rna.6	fig|487.2542.rna.59	fig|487.4203.rna.49	fig|487.2512.rna.35	fig|487.2631.rna.54	fig|487.2518.rna.5	fig|487.3771.rna.11	fig|487.3849.rna.50	fig|487.1106.rna.63	fig|487.4187.rna.45	fig|487.2688.rna.28	fig|487.2552.rna.30	fig|487.1129.rna.1	fig|487.4171.rna.42	fig|487.1311.rna.5	fig|487.3938.rna.60	fig|487.1567.rna.17
fig|487.2661.rna.41	fig|487.2688.rna.34
fig|487.3149.rna.5	fig|487.2542.rna.39	fig|487.2631.rna.13	fig|487.2518.rna.18	fig|487.3771.rna.17	fig|487.3849.rna.28	fig|487.1106.rna.59	fig|487.2552.rna.34	fig|487.1129.rna.5	fig|487.1311.rna.19	fig|487.3938.rna.64
fig|487.3149.rna.28	fig|487.2552.rna.6	fig|487.1311.rna.48	fig|487.3938.rna.12
fig|487.3149.rna.41	fig|487.2542.rna.45	fig|487.2512.rna.22	fig|487.2631.rna.23	fig|487.2518.rna.6	fig|487.3771.rna.38	fig|487.3849.rna.38	fig|487.1106.rna.28	fig|487.2552.rna.15	fig|487.1129.rna.36	fig|487.4171.rna.16	fig|487.1311.rna.3	fig|487.3938.rna.9
fig|487.3149.rna.49	fig|487.2552.rna.24	fig|487.1311.rna.38	fig|487.3938.rna.53
fig|487.2542.rna.21	fig|487.2631.rna.46	fig|487.2518.rna.53	fig|487.1106.rna.70	fig|487.1129.rna.7	fig|487.1129.rna.57	fig|487.1129.rna.69	fig|487.1129.rna.74
fig|487.2542.rna.24	fig|487.2631.rna.49	fig|487.2518.rna.50	fig|487.3771.rna.44	fig|487.3849.rna.45	fig|487.1106.rna.10	fig|487.1106.rna.54	fig|487.1106.rna.73	fig|487.1129.rna.10	fig|487.1129.rna.54	fig|487.1129.rna.66	fig|487.1129.rna.71
fig|487.2542.misc_binding.1	fig|487.2518.misc_binding.2	fig|487.1106.misc_binding.4	fig|487.1129.misc_binding.3
fig|487.2542.misc_binding.3	fig|487.2518.misc_binding.4	fig|487.1106.misc_binding.1	fig|487.2552.misc_binding.2	fig|487.1129.misc_binding.2	fig|487.1311.misc_binding.4	fig|487.3938.misc_binding.1
fig|487.2542.rna.57	fig|487.2706.rna.39	fig|487.2631.rna.52	fig|487.2436.rna.31	fig|487.2518.rna.2
fig|487.2542.misc_binding.4	fig|487.2518.misc_binding.1	fig|487.1106.misc_binding.2	fig|487.1129.misc_binding.1
fig|487.2542.misc_binding.2	fig|487.2518.misc_binding.3	fig|487.1106.misc_binding.3	fig|487.1129.misc_binding.4
fig|487.1974.rna.19	fig|487.1604.rna.52
fig|487.4203.rna.33	fig|487.747.rna.20
fig|487.4203.rna.54	fig|487.4187.rna.29	fig|487.1567.rna.39
fig|487.4203.rna.56	fig|487.978.rna.10	fig|487.4187.rna.58	fig|487.1851.rna.38	fig|487.747.rna.48	fig|487.1545.rna.45	fig|1190574.3.rna.5	fig|1190574.3.rna.19	fig|1190574.3.rna.64	fig|1190574.3.rna.69	fig|1190574.3.rna.80
fig|487.4203.rna.59	fig|487.1604.rna.4	fig|487.978.rna.7	fig|487.4187.rna.55	fig|487.1007.rna.47
fig|487.2706.rna.48	fig|487.2436.rna.54	fig|487.1887.rna.37	fig|487.1649.rna.51
fig|487.2706.rna.51	fig|487.2436.rna.51
fig|487.2512.rna.39	fig|487.2688.rna.15	fig|487.4171.rna.46
fig|487.2512.rna.43	fig|487.2512.rna.40
fig|487.2512.rna.32	fig|487.911.rna.48	fig|487.779.rna.44	fig|487.4171.rna.15
fig|487.2518.rna.31	fig|1190574.3.rna.55	fig|1190574.3.rna.58	fig|1095684.3.rna.53	fig|1095684.3.rna.55	fig|1095684.3.rna.56	fig|935598.3.rna.19	fig|935598.3.rna.21
fig|487.911.rna.4	fig|487.779.rna.12
fig|487.911.rna.7	fig|487.779.rna.9
fig|487.911.rna.35	fig|487.779.rna.39
fig|487.911.rna.37	fig|487.779.rna.32
fig|487.3771.rna.47	fig|487.3849.rna.42
fig|487.488.rna.1	fig|487.488.rna.59	fig|1248732.3.rna.25	fig|1248732.3.rna.39
fig|487.488.rna.2	fig|487.488.rna.60	fig|1248732.3.rna.26	fig|1248732.3.rna.40
fig|487.488.rna.3	fig|487.488.rna.19	fig|1248732.3.rna.19	fig|1248732.3.rna.41
fig|487.488.rna.4	fig|1248732.3.rna.42
fig|487.488.rna.5	fig|1248732.3.rna.43
fig|487.488.rna.6	fig|1248732.3.rna.44
fig|487.488.rna.7	fig|487.488.rna.9	fig|487.488.rna.10	fig|1248732.3.rna.45	fig|1248732.3.rna.47	fig|1248732.3.rna.48
fig|487.488.rna.8	fig|1248732.3.rna.46
fig|487.488.rna.11	fig|1248732.3.rna.49
fig|487.488.rna.12	fig|487.488.rna.24	fig|487.488.rna.29	fig|487.488.rna.43	fig|1248732.3.rna.6
fig|487.488.rna.13	fig|487.488.rna.25	fig|487.488.rna.30
fig|487.488.rna.14	fig|487.488.rna.26	fig|487.488.rna.31	fig|487.488.rna.41	fig|1248732.3.rna.4
fig|487.488.rna.15	fig|487.488.rna.27	fig|487.488.rna.32	fig|487.488.rna.40	fig|1248732.3.rna.3
fig|487.488.rna.16	fig|487.488.rna.28	fig|487.488.rna.33	fig|487.488.rna.39
fig|487.488.rna.17	fig|1248732.3.rna.14
fig|487.488.rna.18	fig|1248732.3.rna.21
fig|487.488.rna.21	fig|1248732.3.rna.17
fig|487.488.rna.23	fig|1248732.3.rna.15
fig|487.488.rna.34	fig|1248732.3.rna.52
fig|487.488.rna.35	fig|1248732.3.rna.53
fig|487.488.rna.36	fig|1248732.3.rna.54
fig|487.488.rna.37	fig|1248732.3.rna.55
fig|487.488.rna.44	fig|1248732.3.rna.7
fig|487.488.rna.45	fig|1248732.3.rna.8
fig|487.488.rna.46	fig|1248732.3.rna.9
fig|487.488.rna.47	fig|1248732.3.rna.10
fig|487.488.rna.48	fig|1248732.3.rna.11
fig|487.488.rna.49	fig|487.488.rna.51	fig|1248732.3.rna.12
fig|487.488.rna.50	fig|487.488.rna.52	fig|1248732.3.rna.13
fig|487.488.rna.53	fig|1248732.3.rna.51
fig|487.488.rna.54	fig|1248732.3.rna.50	fig|1248732.3.rna.56
fig|487.488.rna.55	fig|1248732.3.rna.20
fig|487.488.rna.56	fig|1248732.3.rna.22
fig|487.488.rna.57	fig|1248732.3.rna.23
fig|487.488.rna.58	fig|1248732.3.rna.24
fig|487.488.rna.61	fig|487.488.rna.62	fig|1248732.3.rna.27	fig|1248732.3.rna.28
fig|487.488.rna.64	fig|487.488.rna.65	fig|1248732.3.rna.29	fig|1248732.3.rna.30	fig|1248732.3.rna.31
fig|487.488.rna.66	fig|1248732.3.rna.32
fig|487.488.rna.67	fig|1248732.3.rna.33	fig|1248732.3.rna.34
fig|487.488.rna.68	fig|1248732.3.rna.35
fig|487.488.rna.69	fig|1248732.3.rna.36
fig|487.488.rna.70	fig|1248732.3.rna.37
fig|487.488.rna.71	fig|1248732.3.rna.38
fig|487.659.rna.2	fig|487.659.rna.3
fig|487.659.rna.40	fig|487.659.rna.54
fig|487.1106.rna.7	fig|487.1106.rna.57
fig|487.2552.misc_binding.1	fig|487.1311.misc_binding.1	fig|487.3938.misc_binding.4
fig|487.2552.misc_binding.3	fig|487.1311.misc_binding.3	fig|487.3938.misc_binding.2
fig|487.1887.rna.40	fig|1095684.3.rna.78	fig|487.1649.rna.54
fig|1190574.3.rna.1	fig|1095684.3.rna.66
fig|1190574.3.rna.2	fig|1095684.3.rna.82	fig|935598.3.rna.48
fig|1190574.3.rna.3	fig|1095684.3.rna.81	fig|935598.3.rna.47
fig|1190574.3.rna.4	fig|1095684.3.rna.80	fig|935598.3.rna.46
fig|1190574.3.rna.6	fig|1190574.3.rna.20	fig|1190574.3.rna.63	fig|1190574.3.rna.68	fig|1190574.3.rna.79	fig|1095684.3.rna.2	fig|1095684.3.rna.7	fig|1095684.3.rna.21	fig|1095684.3.rna.61	fig|1095684.3.rna.72	fig|1095684.3.rna.77	fig|935598.3.rna.14
fig|1190574.3.rna.7	fig|1190574.3.rna.21	fig|1190574.3.rna.62	fig|1190574.3.rna.67	fig|1190574.3.rna.78	fig|1095684.3.rna.3	fig|1095684.3.rna.8	fig|1095684.3.rna.22	fig|1095684.3.rna.60	fig|1095684.3.rna.71	fig|1095684.3.rna.76	fig|935598.3.rna.15
fig|1190574.3.rna.8	fig|1190574.3.rna.22	fig|1190574.3.rna.61	fig|1190574.3.rna.66	fig|1190574.3.rna.77
fig|1190574.3.rna.9	fig|1190574.3.rna.23	fig|1190574.3.rna.60	fig|1190574.3.rna.65	fig|1190574.3.rna.76	fig|1095684.3.rna.5	fig|1095684.3.rna.10	fig|1095684.3.rna.24	fig|1095684.3.rna.58	fig|1095684.3.rna.69	fig|1095684.3.rna.74	fig|935598.3.rna.7	fig|935598.3.rna.17	fig|935598.3.rna.43
fig|1190574.3.rna.10	fig|1095684.3.rna.11
fig|1190574.3.rna.11	fig|1095684.3.rna.12
fig|1190574.3.rna.13	fig|1095684.3.rna.14
fig|1190574.3.rna.14	fig|1190574.3.rna.15	fig|1190574.3.rna.49	fig|1095684.3.rna.15	fig|935598.3.rna.2
fig|1190574.3.rna.16	fig|1190574.3.rna.18	fig|1095684.3.rna.16	fig|1095684.3.rna.18	fig|935598.3.rna.4
fig|1190574.3.rna.17	fig|1095684.3.rna.17	fig|1095684.3.rna.19	fig|935598.3.rna.3	fig|935598.3.rna.5
fig|1190574.3.rna.26	fig|1095684.3.rna.27	fig|935598.3.rna.9
fig|1190574.3.rna.28	fig|1190574.3.rna.51	fig|1095684.3.rna.29	fig|1095684.3.rna.49	fig|935598.3.rna.11
fig|1190574.3.rna.29	fig|1095684.3.rna.30	fig|935598.3.rna.41
fig|1190574.3.rna.30	fig|1095684.3.rna.31	fig|935598.3.rna.40
fig|1190574.3.rna.31	fig|1095684.3.rna.32	fig|935598.3.rna.39
fig|1190574.3.rna.32	fig|1095684.3.rna.79	fig|935598.3.rna.45
fig|1190574.3.rna.33	fig|1095684.3.rna.33	fig|935598.3.rna.38
fig|1190574.3.rna.34	fig|1190574.3.rna.73	fig|1095684.3.rna.34	fig|1095684.3.rna.47	fig|935598.3.rna.26	fig|935598.3.rna.37
fig|1190574.3.rna.35	fig|1190574.3.rna.36	fig|1095684.3.rna.36	fig|1095684.3.rna.37	fig|935598.3.rna.34	fig|935598.3.rna.35
fig|1190574.3.rna.37	fig|1190574.3.rna.38	fig|1190574.3.rna.39	fig|1095684.3.rna.38	fig|1095684.3.rna.39	fig|1095684.3.rna.40	fig|935598.3.rna.33
fig|1190574.3.rna.40	fig|1095684.3.rna.41	fig|935598.3.rna.32
fig|1190574.3.rna.41	fig|1095684.3.rna.42	fig|935598.3.rna.31
fig|1190574.3.rna.42	fig|1190574.3.rna.45	fig|1190574.3.rna.81	fig|1095684.3.rna.43	fig|935598.3.rna.30
fig|1190574.3.rna.43	fig|1190574.3.rna.46	fig|1190574.3.rna.82	fig|1095684.3.rna.44	fig|935598.3.rna.29
fig|1190574.3.rna.44	fig|1190574.3.rna.47	fig|1190574.3.rna.83	fig|1095684.3.rna.45	fig|935598.3.rna.28
fig|1190574.3.rna.48	fig|1095684.3.rna.46	fig|935598.3.rna.27
fig|1190574.3.rna.50	fig|1190574.3.rna.72	fig|1095684.3.rna.35	fig|1095684.3.rna.48	fig|935598.3.rna.25	fig|935598.3.rna.36
fig|1190574.3.rna.52	fig|1095684.3.rna.50	fig|935598.3.rna.24
fig|1190574.3.rna.53	fig|1095684.3.rna.51	fig|935598.3.rna.23
fig|1190574.3.rna.54	fig|1095684.3.rna.52	fig|935598.3.rna.22
fig|1190574.3.rna.56	fig|1190574.3.rna.57	fig|1095684.3.rna.54	fig|935598.3.rna.20
fig|1190574.3.rna.59	fig|1095684.3.rna.57	fig|935598.3.rna.18
fig|1190574.3.rna.70	fig|1095684.3.rna.64
fig|1190574.3.rna.71	fig|1095684.3.rna.65	fig|935598.3.rna.12
fig|1190574.3.rna.74	fig|1095684.3.rna.83	fig|935598.3.rna.1
fig|1190574.3.rna.75	fig|1095684.3.rna.67	fig|935598.3.rna.42
fig|487.1528.rna.40	fig|487.2103.rna.52
fig|487.1528.rna.43	fig|487.2103.rna.49
fig|487.1311.misc_binding.2	fig|487.3938.misc_binding.3
fig|1095684.3.rna.6	fig|1095684.3.rna.20	fig|1095684.3.rna.62	fig|1095684.3.rna.73
fig|1095684.3.rna.26	fig|935598.3.rna.8
fig|1095684.3.rna.28	fig|935598.3.rna.10
fig|935598.3.rna.6	fig|935598.3.rna.44
